 Environmental Key Words,Frequency
Carbon emission,2119
Renewable energy,620
Environmental Sustainability,295
Environmental Impacts,263
Biodiversity,367
Climate Change,1133
CO2 reduction,728
Resource efficiency,310
Energy consumption,573
Waste management,194
Recycling,611
Environmental conditions,150
Sustainable development,416
Energy Consumption Efficiency,358
Air quality,214
Greenhouse gas,472
Climate neutrality,401
Supply chain,1893
Circular Economy,815
Water consumption,414
